{
  "AWSTemplateFormatVersion": "2010-09-09",
  "Description": "A simple template intended to be run in N.Virginia (us-east-1) with a Linux (1) distro. Feel free to change the ami so that you can run this in a different Region",
  "Resources": {
    "DB": {
      "Type": "AWS::RDS::DBInstance",
      "Properties": {
        "AllocatedStorage": "5",
        "StorageType": "gp2",
        "DBInstanceClass": "db.t2.micro",
        "DBName": "wordpress",
        "Engine": "MySQL",
        "MasterUsername": "wordpress",
        "MasterUserPassword": "w0rdpr355"
      }
    },
    "EC2": {
      "Type": "AWS::EC2::Instance",
      "Properties": {
        "ImageId": "ami-0080e4c5bc078760e",
        "InstanceType": "t2.micro"
      }
    },
    "S3": {
      "Type": "AWS::S3::Bucket",
      "Properties": {
        "BucketName": "wp-xxxxxxxxxxx"
      }
    }
  }
}

