{
    "Resources" : {
        "AutoSubnetTable" : {
            "Type" : "AWS::DynamoDB::Table",
            "Properties" : {
                "AttributeDefinitions" : [
                    {
                        "AttributeName" : "Cidr",
                        "AttributeType" : "S"
                    },
                    {
                        "AttributeName" : "StackId",
                        "AttributeType" : "S"
                    }
                ],
                "KeySchema" : 
                [
                    {
                        "AttributeName" : "Cidr",
                        "KeyType" : "HASH"
                    }
                ],
                "ProvisionedThroughput" : {
                    "ReadCapacityUnits" : "5",
                    "WriteCapacityUnits" : "5"
                },
                "GlobalSecondaryIndexes" : [
                    {
                        "IndexName" : "rangesforstack",
                        "KeySchema" : [
                            {
                                "AttributeName" : "StackId",
                                "KeyType" : "HASH"
                            }
                        ],
                        "Projection" : {
                            "ProjectionType" : "ALL"
                        },
                        "ProvisionedThroughput" : {
                            "ReadCapacityUnits" : "5",
                            "WriteCapacityUnits" : "5"
                        }
                    }
                ]
            }
        },
        "IAMRole" : {
            "Type" : "AWS::IAM::Role",
            "Properties" : {
                "AssumeRolePolicyDocument" : {
                    "Version" : "2012-10-17",
                    "Statement" : [
                        {
                            "Effect" : "Allow",
                            "Principal" : {
                                "Service" : [
                                    "lambda.amazonaws.com"
                                ]
                            },
                            "Action" : [
                                "sts:AssumeRole"
                            ]
                        }
                    ]
                },
                "Path" : "/"
            }
        },
        "IAMPolicy" : {
            "Type" : "AWS::IAM::Policy",
            "DependsOn" : [
                "IAMRole"
            ],
            "Properties" : {
                "PolicyName" : "autosubnetrole",
                "Roles" : [
                    {"Ref" : "IAMRole"}
                ],
                "PolicyDocument" : {
                    "Version" : "2012-10-17",
                    "Statement" : [
                        {
                            "Effect" : "Allow",
                            "Action" : [
                                "logs:*"
                            ],
                            "Resource" : [
                                "arn:aws:logs:*:*:*"
                            ]
                        },
                        {
                            "Effect" : "Allow",
                            "Action" : [
                                "dynamodb:*"
                            ],
                            "Resource" : [
                                {"Fn::Join" : ["",["arn:aws:dynamodb:", {"Ref" : "AWS::Region"}, ":", {"Ref": "AWS::AccountId"}, ":table/", {"Ref" : "AutoSubnetTable"}]]},
                                {"Fn::Join" : ["",["arn:aws:dynamodb:", {"Ref" : "AWS::Region"}, ":", {"Ref": "AWS::AccountId"}, ":table/", {"Ref" : "AutoSubnetTable"},"/index/*"]]}
                            ]
                        }
                    ]
                }
            }
        },
        "subnetpicker" : {
            "Type" : "AWS::Lambda::Function",
            "DependsOn" : [
                "IAMRole",
                "IAMPolicy"
            ],
            "Properties" : {
                "Role" : {"Fn::GetAtt" : ["IAMRole", "Arn"]},
                "Code" : {
                    "S3Bucket" : {"Fn::ImportValue" : "sharedinf-lambdabucketname"},
                    "S3Key" : "autosubnet.zip"
                },
                "Handler" : "autosubnet.handler",
                "Runtime" : "python2.7",
                "Timeout" : "300",
                "MemorySize" : "128"
            }
        }
    },
    "Outputs" : {
        "autosubnetlambdaarn" : {
            "Description" : "ARN of AutoSubnet Lambda",
            "Value" : {"Fn::GetAtt" : ["subnetpicker", "Arn"]},
            "Export" : {
                "Name" : "sharedinf-autosubnetarn"
            }
        },
        "autosubnettablename" : {
            "Description" : "Table Name of AutoSubnet DDB Table",
            "Value" : {"Ref" : "AutoSubnetTable"},
            "Export" : {
                "Name" : "sharedinf-autosubnetddbtablename"
            }
        }
    }
}