{
	"Parameters": {
		"EnvironmentSize": {
			"Type": "String",
			"Default": "SMALL",
			"AllowedValues": [
				"SMALL",
				"MEDIUM",
				"LARGE"
			],
			"Description": "Select Environment Size (S,M,L)"
		},
		"DatabaseName" : {
			"Type" : "String",
			"Default" : "wordpress"
		},
		"DatabaseUser" : {
			"Type" : "String",
			"Default" : "wordpress"
		},
		"DatabasePassword" : {
			"Type" : "String",
			"Default" : "w0rdpr355"
		}
	},
	"Mappings": {
		"RegionMap": {
			"us-east-1"     : { "AMALINUX": "ami-0080e4c5bc078760e" },
			"us-east-2"     : { "AMALINUX": "ami-0cd3dfa4e37921605" },

			"us-west-1"     : { "AMALINUX": "ami-0ec6517f6edbf8044" },
			"us-west-2"     : { "AMALINUX": "ami-01e24be29428c15b2" },

      "sa-east-1"     : {	"AMALINUX": "ami-05145e0b28ad8e0b2"	},
			"ca-central-1"  : { "AMALINUX": "ami-07423fb63ea0a0930" },

			"eu-west-1"     : { "AMALINUX": "ami-08935252a36e25f85" },
			"eu-west-2"     : { "AMALINUX": "ami-01419b804382064e4"	},
      "eu-west-3"     : { "AMALINUX": "ami-0dd7e7ed60da8fb83"	},
      "eu-central-1"  : { "AMALINUX": "ami-0cfbf4f6db41068ac" },

			"ap-southeast-1": {	"AMALINUX": "ami-05b3bcf7f311194b3" },
			"ap-southeast-2": {	"AMALINUX": "ami-02fd0b06f06d93dfc"	},
      "ap-northeast-1": {	"AMALINUX": "ami-00a5245b4816c38e6"	},
			"ap-northeast-2": {	"AMALINUX": "ami-00dc207f8ba6dc919"	},
      "ap-south-1"    : {	"AMALINUX": "ami-0ad42f4f66f6c1cc9"	},

      "cn-north-1"    : {	"AMALINUX": "ami-8e6aa0e3"        	}
		},

		"InstanceSize": {
			"SMALL" : { "EC2": "t2.micro",  "DB": "db.t2.micro" },
			"MEDIUM": { "EC2": "t2.small",  "DB": "db.t2.small" },
			"LARGE" : {	"EC2": "t2.medium",	"DB": "db.t2.medium" }
		}
	},
	"Resources": {
		"DB": {
			"Type": "AWS::RDS::DBInstance",
			"Properties": {
				"AllocatedStorage": 5,
				"StorageType" : "gp2",
				"DBInstanceClass": {"Fn::FindInMap" : ["InstanceSize", {"Ref" : "EnvironmentSize"}, "DB"]},
				"DBName": {"Ref" : "DatabaseName"},
				"Engine": "MySQL",
				"MasterUsername": {"Ref" : "DatabaseUser"},
				"MasterUserPassword": {"Ref" : "DatabasePassword"}
			}
		},
		"EC2": {
			"Type": "AWS::EC2::Instance",
			"Properties": {
				"ImageId": {"Fn::FindInMap" : ["RegionMap", {"Ref" : "AWS::Region"}, "AMALINUX"]},
				"InstanceType": {"Fn::FindInMap" : ["InstanceSize", {"Ref" : "EnvironmentSize"}, "EC2"]},
				"KeyName" : "AdvancedCFN",
				"UserData" : {"Fn::Base64" : {"Fn::Join" : ["", [
						"#!/bin/bash", "\n",
						"yum install httpd php mysql php-mysql -y", "\n",
						"yum update -y", "\n",
						"chkconfig httpd on", "\n",
						"service httpd start", "\n",
						"cd /var/www/html", "\n",
						"wget https://wordpress.org/latest.tar.gz", "\n",
						"tar -zxvf latest.tar.gz --strip 1", "\n",
						"rm latest.tar.gz", "\n",
						"cp wp-config-sample.php wp-config.php", "\n",
						"sed -i 's/database_name_here/", {"Ref" : "DatabaseName"}, "/g' wp-config.php", "\n",
						"sed -i 's/localhost/", {"Fn::GetAtt" : ["DB", "Endpoint.Address"]}, "/g' wp-config.php", "\n",
						"sed -i 's/username_here/", {"Ref" : "DatabaseUser"}, "/g' wp-config.php", "\n",
						"sed -i 's/password_here/", {"Ref" : "DatabasePassword"},"/g' wp-config.php", "\n"
				]]}}
			}
		},
		"S3": {
			"Type": "AWS::S3::Bucket"
		}
	}
}
