{
    "Parameters" : {
        "VPCID" : {
            "Type" : "String",
            "Description" : "Shared Infrastructure VPC to use"
        },
        "PUBLICRT": {
            "Type": "String",
            "Description": "Shared Infrastructure Public Route Table"
        },
        "PRIVATERTA":{
            "Type": "String",
            "Description": "Shared Infrastructure Private Route Table - A"
        },
        "PRIVATERTB":{
            "Type": "String",
            "Description": "Shared Infrastructure Private Route Table - B"
        },
        "APPVERSION":{
            "Type": "String",
            "Description": "Application Version to Deploy"
        },
        "APPBucketURL":{
            "Type": "String",
            "Description": "Application Bucket Location"
        },
        "ENVIRONMENT":{
            "Type": "String",
            "Description": "Type of environment to provision",
            "Default": "DEV",
            "AllowedValues" : ["DEV", "TEST", "PROD", "PRESALES"]
        },
        "APPPublicCIDRA":{
            "Type": "String",
            "Description": "CIDR to use for public subnet A for app environment.",
            "MinLength": "9",
            "MaxLength": "18",
            "AllowedPattern": "(\\d{1,3})\\.(\\d{1,3})\\.(\\d{1,3})\\.(\\d{1,3})/(\\d{1,2})",
            "ConstraintDescription": "Must be a valid CIDR range in the form x.x.x.x/22"
        },
        "APPPublicCIDRB": {
            "Type": "String",
            "Description": "CIDR to use for public subnet B for app environment.",
            "MinLength": "9",
            "MaxLength": "18",
            "AllowedPattern": "(\\d{1,3})\\.(\\d{1,3})\\.(\\d{1,3})\\.(\\d{1,3})/(\\d{1,2})",
            "ConstraintDescription": "Must be a valid CIDR range in the form x.x.x.x/22"
        },
        "APPPrivateCIDRA": { 
            "Type": "String",
            "Description": "CIDR to use for private subnet A for app environment.",
            "MinLength": "9",
            "MaxLength": "18",
            "AllowedPattern": "(\\d{1,3})\\.(\\d{1,3})\\.(\\d{1,3})\\.(\\d{1,3})/(\\d{1,2})",
            "ConstraintDescription": "Must be a valid CIDR range in the form x.x.x.x/22"
        },
        "APPPrivateCIDRB": {
            "Type": "String",
            "Description": "CIDR to use for private subnet B for app environment.",
            "MinLength": "9",
            "MaxLength": "18",
            "AllowedPattern": "(\\d{1,3})\\.(\\d{1,3})\\.(\\d{1,3})\\.(\\d{1,3})/(\\d{1,2})",
            "ConstraintDescription": "Must be a valid CIDR range in the form x.x.x.x/22"     
        }
    },
    "Mappings" : {
      "RegionMap": {
        "us-east-1"     : { "AMALINUX": "ami-0080e4c5bc078760e" },
        "us-east-2"     : { "AMALINUX": "ami-0cd3dfa4e37921605" },

        "us-west-1"     : { "AMALINUX": "ami-0ec6517f6edbf8044" },
        "us-west-2"     : { "AMALINUX": "ami-01e24be29428c15b2" },

        "sa-east-1"     : {	"AMALINUX": "ami-05145e0b28ad8e0b2"	},
        "ca-central-1"  : { "AMALINUX": "ami-07423fb63ea0a0930" },

        "eu-west-1"     : { "AMALINUX": "ami-08935252a36e25f85" },
        "eu-west-2"     : { "AMALINUX": "ami-01419b804382064e4"	},
        "eu-west-3"     : { "AMALINUX": "ami-0dd7e7ed60da8fb83"	},
        "eu-central-1"  : { "AMALINUX": "ami-0cfbf4f6db41068ac" },

        "ap-southeast-1": {	"AMALINUX": "ami-05b3bcf7f311194b3" },
        "ap-southeast-2": {	"AMALINUX": "ami-02fd0b06f06d93dfc"	},
        "ap-northeast-1": {	"AMALINUX": "ami-00a5245b4816c38e6"	},
        "ap-northeast-2": {	"AMALINUX": "ami-00dc207f8ba6dc919"	},
        "ap-south-1"    : {	"AMALINUX": "ami-0ad42f4f66f6c1cc9"	},

        "cn-north-1"    : {	"AMALINUX": "ami-8e6aa0e3"        	}
      },

      "InstanceSize" : {
        "DEV"      : { "EC2" : "t2.micro" },
        "TEST"     : { "EC2" : "t2.micro" },
        "PROD"     : { "EC2" : "t2.small" },
        "PRESALES" : { "EC2" : "t2.micro" }
        }        
    },
    "Resources" : {
        "SubnetPublicA" : {
            "Type" : "AWS::EC2::Subnet",
            "Properties" : {
                "AvailabilityZone" : {"Fn::Select" : ["0", {"Fn::GetAZs" : ""}]},
                "CidrBlock" : {"Ref" : "APPPublicCIDRA"},
                "MapPublicIpOnLaunch" : "true",
                "VpcId" : {"Ref" : "VPCID"}
            }
        },
        "SubnetPublicB" : {
            "Type" : "AWS::EC2::Subnet",
            "Properties" : {
                "AvailabilityZone" : {"Fn::Select" : ["1", {"Fn::GetAZs" : ""}]},
                "CidrBlock" : {"Ref" : "APPPublicCIDRB"},
                "MapPublicIpOnLaunch" : "true",
                "VpcId" : {"Ref" : "VPCID"}
            }
        },
        "SubnetPrivateA" : {
            "Type" : "AWS::EC2::Subnet",
            "Properties" : {
                "AvailabilityZone" : {"Fn::Select" : ["0", {"Fn::GetAZs" : ""}]},
                "CidrBlock" : {"Ref" : "APPPrivateCIDRA"},
                "MapPublicIpOnLaunch" : "false",
                "VpcId" : {"Ref" : "VPCID"}
            }
        },
        "SubnetPrivateB" : {
            "Type" : "AWS::EC2::Subnet",
            "Properties" : {
                "AvailabilityZone" : {"Fn::Select" : ["1", {"Fn::GetAZs" : ""}]},
                "CidrBlock" : {"Ref" : "APPPrivateCIDRB"},
                "MapPublicIpOnLaunch" : "false",
                "VpcId" : {"Ref" : "VPCID"}
            }
        },
        "SubnetRouteTableAssociatePublicA" : {
            "Type" : "AWS::EC2::SubnetRouteTableAssociation",
            "Properties" : {
                "RouteTableId" : {"Ref" : "PUBLICRT"},
                "SubnetId" : {"Ref" : "SubnetPublicA"}
            }
        },
        "SubnetRouteTableAssociatePublicB" : {
            "Type" : "AWS::EC2::SubnetRouteTableAssociation",
            "Properties" : {
                "RouteTableId" : {"Ref" : "PUBLICRT"},
                "SubnetId" : {"Ref" : "SubnetPublicB"}
            }
        }, 
        "SubnetRouteTableAssociatePrivateA" : {
            "Type" : "AWS::EC2::SubnetRouteTableAssociation",
            "Properties" : {
                "RouteTableId" : {"Ref" : "PRIVATERTA"},
                "SubnetId" : {"Ref" : "SubnetPrivateA"}
            }
        },   
        "SubnetRouteTableAssociatePrivateB" : {
            "Type" : "AWS::EC2::SubnetRouteTableAssociation",
            "Properties" : {
                "RouteTableId" : {"Ref" : "PRIVATERTB"},
                "SubnetId" : {"Ref" : "SubnetPrivateB"}
            }
        },
        "ELB" : {
            "Type" : "AWS::ElasticLoadBalancing::LoadBalancer",
            "Properties" : {
                "CrossZone" : "true",
                "Instances" : [{"Ref" : "EC2"}],
                "Listeners": [
                    {
                        "InstancePort" : "80",
                        "InstanceProtocol" : "HTTP",
                        "LoadBalancerPort" : "80",
                        "Protocol" : "HTTP"
                    }
                ],
                "Subnets" : [
                    {"Ref" : "SubnetPublicA"},
                    {"Ref" : "SubnetPublicB"}
                ],
                "SecurityGroups" : [
                    {"Ref" : "SG"}
                ]            
            }
        },
        "SG" : {
            "Type" : "AWS::EC2::SecurityGroup",
            "Properties" : {
                "GroupDescription" : {"Fn::Join" : ["",["Stack", {"Ref": "AWS::StackId"}, " Application V", {"Ref":"APPVERSION"}, " - ", {"Ref" : "ENVIRONMENT"}        ]]},
                "VpcId" : {"Ref" : "VPCID"},
                "SecurityGroupIngress" : [
                    {
                        "CidrIp" : "0.0.0.0/0",
                        "IpProtocol" : "tcp",
                        "ToPort" : "80",
                        "FromPort" : "80"
                    },
                    {
                        "CidrIp" : "0.0.0.0/0",
                        "IpProtocol" : "tcp",
                        "ToPort" : "22",
                        "FromPort" : "22"                       
                    }
                ],
                "SecurityGroupEgress" : [
                    {
                        "CidrIp" : "0.0.0.0/0",
                        "ToPort" : "-1",
                        "IpProtocol" : "-1"
                    }
                ]
            }
        },
        "EC2" : {
            "Type" : "AWS::EC2::Instance",
            "DeletionPolicy" : "Delete",
            "CreationPolicy" : {
                "ResourceSignal" : {
                    "Timeout" : "PT5M"
                }
            },
            "Properties" : {
                "ImageId" : {"Fn::FindInMap" : ["RegionMap", {"Ref": "AWS::Region"}, "AMALINUX"]},
                "InstanceType" : {"Fn::FindInMap" : ["InstanceSize", {"Ref":"ENVIRONMENT"} , "EC2"]},
                "KeyName" : "AdvancedCFN",
                "SecurityGroupIds" : [
                    {"Ref":"SG"}
                ],
                "SubnetId" : {"Ref":"SubnetPublicA"},
                "UserData" : {"Fn::Base64" : {"Fn::Join" : ["",[
                    "#!/bin/bash", "\n",
                    "yum update -y aws-cfn-bootstrap", "\n",
                    "/opt/aws/bin/cfn-init -v", 
                    " --stack ", {"Ref" : "AWS::StackName"},
                    " --resource EC2",
                    " --configsets www",
                    " --region ", {"Ref": "AWS::Region"}, "\n",
                    "curl 127.0.0.1/app.php | grep -f /var/www/html/test.pattern", "\n",
                    "/opt/aws/bin/cfn-signal -e $?", 
                    " --stack ", {"Ref" : "AWS::StackName"},
                    " --resource EC2",
                    " --region ", {"Ref": "AWS::Region"}, "\n"
                ]]}}
            },
            "Metadata" : {
                "AWS::CloudFormation::Init" : {
                    "configSets" : {
                        "www" : ["configure_cfn", "install_www", "config_app"]
                    },
					"configure_cfn" : {
						"files" : {
							"/etc/cfn/hooks.d/cfn-auto-reloader.conf" : {
								"content" : {"Fn::Join" : ["", [
									"[cfn-auto-reloader-hook]\n",
									"triggers=post.update\n",
									"path=Resources.EC2.Metadata.AWS::CloudFormation::Init\n",
									"action=/opt/aws/bin/cfn-init -v",
									" --stack ", {"Ref" : "AWS::StackName"},
									" --resource EC2",
									" --configsets www",
									" --region ", {"Ref" : "AWS::Region"}, "\n"
								]]},
								"mode" : "000400",
								"owner" : "root",
								"group" : "root"
							},
							"/etc/cfn/cfn-hup.conf" : {
								"content" : {"Fn::Join" : ["",[
									"[main]\n",
									"stack=", {"Ref" : "AWS::StackId"}, "\n",
									"region=", {"Ref" : "AWS::Region"}, "\n",
									"verbose=true\n",
									"interval=5\n"
								]]},
								"mode" : "000400",
								"owner" : "root",
								"group" : "root"								
							},
							"/var/www/html/index2.html" : {
								"content" : "test9"
							}
						},
						"services" : {
							"sysvinit" : {
								"cfn-hup" : {
									"enabled" : "true",
									"ensureRunning" : "true",
									"files" : ["/etc/cfn/cfn-hup.conf", "/etc/cfn/hooks.d/cfn-auto-reloader.conf"]
								}
							}
						}
					},
                    "install_www" : {
                        "packages" : {
                            "yum" : {
                                "httpd" : [],
                                "php" : []
                            }
                        },
                        "services" : {
                            "sysvinit" : {
                                "httpd" : {
                                    "enabled" : "true",
                                    "ensureRunning" : "true"
                                }
                            }
                        }
                    },
                    "config_app" : {
                        "sources" : {
                            "/var/www/html" : {"Fn::Join" : ["", [
                                {"Ref" : "APPBucketURL"},
                                "/App",
                                {"Ref":"APPVERSION"},
                                ".zip"
                            ]]}
                        },
                        "files" : {
                            "/var/www/html/test.pattern.zip" : {
                                "source" : {"Fn::Join" : ["", [
                                    {"Ref" : "APPBucketURL"},
                                    "/Test",
                                    {"Ref":"APPVERSION"},
                                    ".zip"
                                ]]},
                                "mode": "000644",
                                "owner" : "root",
                                "group" : "root"
                            }
                        },
                        "commands" : {
                            "unzippattern" : {
                                "cwd": "/var/www/html",
                                "command" : "unzip -o test.pattern.zip"
                            }
                        }
                    }
                }
            }
        }       
    },
    "Outputs" : {
        "Endpoint" : {
            "Description" : "Application Endpoint Address",
            "Value" : {"Fn::Join" : ["", ["http://", {"Fn::GetAtt":["ELB", "DNSName"]}, "/app.php"]]}
        }
    }
}
